<?xml version="1.0" encoding="ISO-8859-1"?>
<metadata>
	<idinfo>
		<citation>
			<citeinfo>
				<origin>Redwood Sciences Lab</origin>
				<pubdate>Unpublished Material</pubdate>
				<title Sync="TRUE">wshed</title>
				<geoform Sync="TRUE">vector digital data</geoform>
				<onlink>\\SV1\unit\water\caspar\gis_link\with_metadata\nfc\nfc_cut.shp</onlink>
				<ftname Sync="TRUE">wshed</ftname></citeinfo>
		</citation>
		<descript>
			<abstract>Study subwatersheds for South Fork Caspar Creek - </abstract>
			<purpose>Study watersheds  for the Caspar Creek Experimental Watershed, South Fork Caspar Creek study - basemap is USGS quad map.
</purpose>
			<langdata Sync="TRUE">en</langdata></descript>
		<timeperd>
			<timeinfo>
				<sngdate>
					<caldate>1991</caldate>
				</sngdate>
			</timeinfo>
			<current>publication date</current>
		</timeperd>
		<status>
			<progress>Complete</progress>
			<update>None planned</update>
		</status>
		<spdom>
			<bounding>
				<westbc>-123.752027</westbc>
				<eastbc>-123.718785</eastbc>
				<northbc>39.349286</northbc>
				<southbc>39.335015</southbc>
			</bounding>
			<lboundng><leftbc Sync="TRUE">434567.046780</leftbc><rightbc Sync="TRUE">438579.927379</rightbc><bottombc Sync="TRUE">4353108.908938</bottombc><topbc Sync="TRUE">4355865.951903</topbc></lboundng></spdom>
		<keywords>
			<theme>
				<themekey>watershed</themekey>
				<themekey>drainage basin</themekey></theme>
			<place>
				<placekey>Caspar Creek</placekey>
				<placekey>Jackson State Demonstration Forest</placekey>
				<placekey>Mendocino County</placekey>
				<placekey>California</placekey>
			</place>
		</keywords>
		<accconst>public data</accconst>
		<useconst>public use - unconstrained</useconst>
		<ptcontac>
			<cntinfo>
				<cntperp>
					<cntper>Diane Sutherland</cntper>
					<cntorg>USFS Redwood Sciences Laboratory</cntorg>
				</cntperp>
				<cntpos>Geomorphologist</cntpos>
				<cntaddr>
					<addrtype>mailing and physical address</addrtype>
					<address>1700 Bayview Drive</address>
					<city>Arcata</city>
					<state>CA</state>
					<postal>95521</postal>
					<country>USA</country>
				</cntaddr>
				<cntvoice>707.825.2981</cntvoice>
				<cntfax>707.825.2901</cntfax>
				<cntemail>dsutherland@fs.fed.us</cntemail>
				<hours>M-F 0800-1630</hours>
			</cntinfo>
		</ptcontac>
		<native Sync="TRUE">Microsoft Windows XP Version 5.1 (Build 2600) Service Pack 3; ESRI ArcCatalog 9.3.1.1850</native>
		<natvform Sync="TRUE">Personal GeoDatabase Feature Class</natvform></idinfo>
	<dataqual>
		<lineage>
			<procstep>
				<procdesc>Metadata imported.</procdesc>
				<srcused>C:\DOCUME~1\dsutherl\LOCALS~1\Temp\xml19.tmp</srcused>
			</procstep>
			<procstep><procdesc Sync="TRUE">Metadata imported.</procdesc><srcused Sync="TRUE">C:\DOCUME~1\dsutherl\LOCALS~1\Temp\xml20.tmp</srcused><date Sync="TRUE">20060906</date><time Sync="TRUE">14251100</time></procstep></lineage>
	</dataqual>
	<spdoinfo>
		<direct Sync="TRUE">Vector</direct>
		<ptvctinf>
			<sdtsterm Name="wshed">
				<sdtstype Sync="TRUE">G-polygon</sdtstype>
				<ptvctcnt Sync="TRUE">11</ptvctcnt>
			</sdtsterm>
			<esriterm Name="wshed"><efeatyp Sync="TRUE">Simple</efeatyp><efeageom Sync="TRUE">Polygon</efeageom><esritopo Sync="TRUE">FALSE</esritopo><efeacnt Sync="TRUE">11</efeacnt><spindex Sync="TRUE">TRUE</spindex><linrefer Sync="TRUE">FALSE</linrefer></esriterm></ptvctinf>
	</spdoinfo>
	<spref>
		<horizsys>
			<geodetic>
				<horizdn>North American Datum of 1927</horizdn>
				<ellips>Clarke 1866</ellips>
			</geodetic>
		</horizsys>
	</spref>
	<eainfo>
		<detailed Name="wshed">
			<enttyp>
				<enttypl Sync="TRUE">wshed</enttypl>
				<enttypt Sync="TRUE">Feature Class</enttypt><enttypc Sync="TRUE">11</enttypc></enttyp>
			<attr><attrlabl Sync="TRUE">OBJECTID</attrlabl><attalias Sync="TRUE">OBJECTID</attalias><attrtype Sync="TRUE">OID</attrtype><attwidth Sync="TRUE">4</attwidth><atprecis Sync="TRUE">0</atprecis><attscale Sync="TRUE">0</attscale><attrdef Sync="TRUE">Internal feature number.</attrdef><attrdefs Sync="TRUE">ESRI</attrdefs><attrdomv><udom Sync="TRUE">Sequential unique whole numbers that are automatically generated.</udom></attrdomv></attr><attr>
				<attrlabl>AREA</attrlabl>
				<attalias Sync="TRUE">AREA</attalias><attrtype Sync="TRUE">Double</attrtype><attwidth Sync="TRUE">8</attwidth><atprecis Sync="TRUE">0</atprecis><attscale Sync="TRUE">0</attscale></attr>
			<attr>
				<attrlabl>PERIMETER</attrlabl>
				<attalias Sync="TRUE">PERIMETER</attalias><attrtype Sync="TRUE">Double</attrtype><attwidth Sync="TRUE">8</attwidth><atprecis Sync="TRUE">0</atprecis><attscale Sync="TRUE">0</attscale></attr>
			<attr>
				<attrlabl>Shape</attrlabl>
				<attrdef>Feature geometry.</attrdef>
				<attrdefs>ESRI</attrdefs>
				<attrdomv>
					<udom>Coordinates defining the features.</udom>
				</attrdomv>
				<attrtype Sync="TRUE">Geometry</attrtype><attwidth Sync="TRUE">0</attwidth><attalias Sync="TRUE">Shape</attalias><atprecis Sync="TRUE">0</atprecis><attscale Sync="TRUE">0</attscale></attr>
			<attr>
				<attrlabl>BASIN</attrlabl>
				<attrtype Sync="TRUE">String</attrtype><attwidth Sync="TRUE">30</attwidth><attalias Sync="TRUE">BASIN</attalias><atprecis Sync="TRUE">0</atprecis><attscale Sync="TRUE">0</attscale></attr>
			<attr><attrlabl Sync="TRUE">SFCWSHED_</attrlabl><attalias Sync="TRUE">SFCWSHED_</attalias><attrtype Sync="TRUE">Double</attrtype><attwidth Sync="TRUE">8</attwidth><atprecis Sync="TRUE">0</atprecis><attscale Sync="TRUE">0</attscale></attr><attr><attrlabl Sync="TRUE">SFCWSHED_I</attrlabl><attalias Sync="TRUE">SFCWSHED_I</attalias><attrtype Sync="TRUE">Double</attrtype><attwidth Sync="TRUE">8</attwidth><atprecis Sync="TRUE">0</atprecis><attscale Sync="TRUE">0</attscale></attr><attr><attrlabl Sync="TRUE">HECTARES</attrlabl><attalias Sync="TRUE">HECTARES</attalias><attrtype Sync="TRUE">Single</attrtype><attwidth Sync="TRUE">4</attwidth><attrdef>area of polygon, in hectares</attrdef><attrdefs>calculated using Arc/Info </attrdefs><atprecis Sync="TRUE">0</atprecis><attscale Sync="TRUE">0</attscale></attr><attr><attrlabl Sync="TRUE">ACRES</attrlabl><attalias Sync="TRUE">ACRES</attalias><attrtype Sync="TRUE">Single</attrtype><attwidth Sync="TRUE">4</attwidth><attrdef>watershed area, in acres</attrdef><attrdomv><udom>area of polygon, in acres</udom></attrdomv><atprecis Sync="TRUE">0</atprecis><attscale Sync="TRUE">0</attscale></attr><attr><attrlabl Sync="TRUE">Shape_Length</attrlabl><attalias Sync="TRUE">Shape_Length</attalias><attrtype Sync="TRUE">Double</attrtype><attwidth Sync="TRUE">8</attwidth><atprecis Sync="TRUE">0</atprecis><attscale Sync="TRUE">0</attscale><attrdef Sync="TRUE">Length of feature in internal units.</attrdef><attrdefs Sync="TRUE">ESRI</attrdefs><attrdomv><udom Sync="TRUE">Positive real numbers that are automatically generated.</udom></attrdomv></attr><attr><attrlabl Sync="TRUE">Shape_Area</attrlabl><attalias Sync="TRUE">Shape_Area</attalias><attrtype Sync="TRUE">Double</attrtype><attwidth Sync="TRUE">8</attwidth><atprecis Sync="TRUE">0</atprecis><attscale Sync="TRUE">0</attscale><attrdef Sync="TRUE">Area of feature in internal units squared.</attrdef><attrdefs Sync="TRUE">ESRI</attrdefs><attrdomv><udom Sync="TRUE">Positive real numbers that are automatically generated.</udom></attrdomv></attr></detailed>
	</eainfo>
	<distinfo>
		<resdesc>Downloadable Data</resdesc>
		<stdorder>
			<digform>
				<digtinfo>
					<transize>0.053</transize>
					<dssize Sync="TRUE">0.024</dssize></digtinfo>
			</digform>
		</stdorder>
	</distinfo>
	<metainfo>
		<metd Sync="TRUE">20111206</metd>
		<metc>
			<cntinfo>
				<cntperp>
					<cntper>Diane Sutherland</cntper>
					<cntorg>USDA Forest Service - Redwood Sciences Lab</cntorg>
				</cntperp>
				<cntpos>Geomorphologist</cntpos>
				<cntaddr>
					<addrtype>mailing and physical address</addrtype>
					<address>1700 Bayview Drive</address>
					<city>Arcata</city>
					<state>CA</state>
					<postal>95521</postal>
				</cntaddr>
				<cntvoice>707.825.2981</cntvoice>
				<cntfax>707.825.2901</cntfax>
				<cntemail>dsutherland@fs.fed.us</cntemail>
			</cntinfo>
		</metc>
		<metstdn Sync="TRUE">FGDC Content Standards for Digital Geospatial Metadata</metstdn>
		<metstdv Sync="TRUE">FGDC-STD-001-1998</metstdv>
		<mettc Sync="TRUE">local time</mettc>
		<metextns>
			<onlink>http://www.esri.com/metadata/esriprof80.html</onlink>
			<metprof>ESRI Metadata Profile</metprof>
		</metextns>
		<metextns>
			<onlink>http://www.esri.com/metadata/esriprof80.html</onlink>
			<metprof>ESRI Metadata Profile</metprof>
		</metextns>
		<langmeta Sync="TRUE">en</langmeta><metextns><onlink Sync="TRUE">http://www.esri.com/metadata/esriprof80.html</onlink><metprof Sync="TRUE">ESRI Metadata Profile</metprof></metextns></metainfo>
	<Esri><CreaDate>20160406</CreaDate><CreaTime>12181000</CreaTime><SyncOnce>FALSE</SyncOnce><SyncDate>20111206</SyncDate><SyncTime>15301900</SyncTime><ModDate>20111206</ModDate><ModTime>15301900</ModTime><DataProperties><lineage><Process ToolSource="C:\Program Files\ArcGIS\ArcToolbox\Toolboxes\Conversion Tools.tbx\FeatureClassToFeatureClass" Date="20111205" Time="110107">FeatureClassToFeatureClass C:\!GIS\caspar\from_sue\sfc\sfcwshed.shp C:\GIS\GIS_files\sfc\sf_USGS27.mdb wshed # "AREA 'AREA' true true false 18 Double 5 17 ,First,#,C:\!GIS\caspar\from_sue\sfc\sfcwshed.shp,AREA,-1,-1;PERIMETER 'PERIMETER' true true false 18 Double 5 17 ,First,#,C:\!GIS\caspar\from_sue\sfc\sfcwshed.shp,PERIMETER,-1,-1;SFCWSHED_ 'SFCWSHED_' true true false 11 Double 0 11 ,First,#,C:\!GIS\caspar\from_sue\sfc\sfcwshed.shp,SFCWSHED_,-1,-1;SFCWSHED_I 'SFCWSHED_I' true true false 11 Double 0 11 ,First,#,C:\!GIS\caspar\from_sue\sfc\sfcwshed.shp,SFCWSHED_I,-1,-1;BASIN 'BASIN' true true false 30 Text 0 0 ,First,#,C:\!GIS\caspar\from_sue\sfc\sfcwshed.shp,BASIN,-1,-1;HECTARES 'HECTARES' true true false 8 Float 4 7 ,First,#,C:\!GIS\caspar\from_sue\sfc\sfcwshed.shp,HECTARES,-1,-1;ACRES 'ACRES' true true false 8 Float 4 7 ,First,#,C:\!GIS\caspar\from_sue\sfc\sfcwshed.shp,ACRES,-1,-1" # C:\GIS\GIS_files\sfc\sf_USGS27.mdb\wshed</Process></lineage></DataProperties><ArcGISFormat>1.0</ArcGISFormat><ArcGISstyle>FGDC CSDGM Metadata</ArcGISstyle></Esri><dataIdInfo><envirDesc Sync="TRUE">Microsoft Windows XP Version 5.1 (Build 2600) Service Pack 3; ESRI ArcCatalog 9.3.1.1850</envirDesc><dataLang><languageCode Sync="TRUE" value="en"></languageCode></dataLang><idCitation><resTitle Sync="TRUE">wshed</resTitle><presForm><PresFormCd Sync="TRUE" value="005"></PresFormCd></presForm></idCitation><spatRpType><SpatRepTypCd Sync="TRUE" value="001"></SpatRepTypCd></spatRpType><dataExt><geoEle><GeoBndBox esriExtentType="native"><westBL Sync="TRUE">434567.04678</westBL><eastBL Sync="TRUE">438579.927379</eastBL><northBL Sync="TRUE">4355865.951903</northBL><southBL Sync="TRUE">4353108.908938</southBL><exTypeCode Sync="TRUE">1</exTypeCode></GeoBndBox></geoEle></dataExt></dataIdInfo><mdLang><languageCode Sync="TRUE" value="en"></languageCode></mdLang><mdStanName Sync="TRUE">ISO 19115 Geographic Information - Metadata</mdStanName><mdStanVer Sync="TRUE">DIS_ESRI1.0</mdStanVer><mdChar><CharSetCd Sync="TRUE" value="004"></CharSetCd></mdChar><mdHrLv><ScopeCd Sync="TRUE" value="005"></ScopeCd></mdHrLv><mdHrLvName Sync="TRUE">dataset</mdHrLvName><distInfo><distributor><distorTran><onLineSrc><orDesc Sync="TRUE">002</orDesc><linkage Sync="TRUE">file://\\PCHP8410879\C$\GIS\GIS_files\sfc\sf_USGS27.mdb</linkage><protocol Sync="TRUE">Local Area Network</protocol></onLineSrc><transSize Sync="TRUE">0.024</transSize></distorTran><distorFormat><formatName Sync="TRUE">Personal GeoDatabase Feature Class</formatName></distorFormat></distributor></distInfo><spatRepInfo><VectSpatRep><topLvl><TopoLevCd Sync="TRUE" value="001"></TopoLevCd></topLvl><geometObjs Name="wshed"><geoObjTyp><GeoObjTypCd Sync="TRUE" value="001"></GeoObjTypCd></geoObjTyp><geoObjCnt Sync="TRUE">11</geoObjCnt></geometObjs></VectSpatRep></spatRepInfo><mdDateSt Sync="TRUE">20111206</mdDateSt></metadata>
